[
  {
    "name": "Aba",
    "type": "city",
    "lga": "Aba North",
    "lga_code": "ABN",
    "state_code": "NG-AB"
  },
  {
    "name": "Umuahia",
    "type": "city",
    "lga": "Umuahia North",
    "lga_code": "UMN",
    "state_code": "NG-AB"
  },
  {
    "name": "Arochukwu",
    "type": "town",
    "lga": "Arochukwu",
    "lga_code": "ARC",
    "state_code": "NG-AB"
  },
  {
    "name": "Bende",
    "type": "town",
    "lga": "Bende",
    "lga_code": "BND",
    "state_code": "NG-AB"
  },
  {
    "name": "Ohafia",
    "type": "town",
    "lga": "Arochukwu",
    "lga_code": "ARC",
    "state_code": "NG-AB"
  },
  {
    "name": "Yola",
    "type": "city",
    "lga": "Yola North",
    "lga_code": "YON",
    "state_code": "NG-AD"
  },
  {
    "name": "Jimeta",
    "type": "city",
    "lga": "Yola South",
    "lga_code": "YOS",
    "state_code": "NG-AD"
  },
  {
    "name": "Demsa",
    "type": "town",
    "lga": "Demsa",
    "lga_code": "DEM",
    "state_code": "NG-AD"
  },
  {
    "name": "Girei",
    "type": "town",
    "lga": "Girei",
    "lga_code": "GIR",
    "state_code": "NG-AD"
  },
  {
    "name": "Uyo",
    "type": "city",
    "lga": "Uyo",
    "lga_code": "UYO",
    "state_code": "NG-AK"
  },
  {
    "name": "Eket",
    "type": "city",
    "lga": "Eket",
    "lga_code": "EKT",
    "state_code": "NG-AK"
  },
  {
    "name": "Ikot Ekpene",
    "type": "city",
    "lga": "Ikot Ekpene",
    "lga_code": "IKE",
    "state_code": "NG-AK"
  },
  {
    "name": "Abak",
    "type": "town",
    "lga": "Abak",
    "lga_code": "ABK",
    "state_code": "NG-AK"
  },
  {
    "name": "Lagos",
    "type": "city",
    "lga": "Lagos Island",
    "lga_code": "LGI",
    "state_code": "NG-LA"
  },
  {
    "name": "Ikeja",
    "type": "city",
    "lga": "Ikeja",
    "lga_code": "IKJ",
    "state_code": "NG-LA"
  },
  {
    "name": "Lekki",
    "type": "city",
    "lga": "Eti-Osa",
    "lga_code": "ETO",
    "state_code": "NG-LA"
  },
  {
    "name": "Victoria Island",
    "type": "city",
    "lga": "Eti-Osa",
    "lga_code": "ETO",
    "state_code": "NG-LA"
  },
  {
    "name": "Ikoyi",
    "type": "city",
    "lga": "Lagos Island",
    "lga_code": "LGI",
    "state_code": "NG-LA"
  },
  {
    "name": "Surulere",
    "type": "city",
    "lga": "Surulere",
    "lga_code": "SUR",
    "state_code": "NG-LA"
  },
  {
    "name": "Mushin",
    "type": "city",
    "lga": "Mushin",
    "lga_code": "MUS",
    "state_code": "NG-LA"
  },
  {
    "name": "Agege",
    "type": "city",
    "lga": "Agege",
    "lga_code": "AGG",
    "state_code": "NG-LA"
  },
  {
    "name": "Ikorodu",
    "type": "city",
    "lga": "Ikorodu",
    "lga_code": "IKO",
    "state_code": "NG-LA"
  },
  {
    "name": "Epe",
    "type": "town",
    "lga": "Epe",
    "lga_code": "EPE",
    "state_code": "NG-LA"
  },
  {
    "name": "Badagry",
    "type": "town",
    "lga": "Badagry",
    "lga_code": "BAD",
    "state_code": "NG-LA"
  },
  {
    "name": "Ojo",
    "type": "city",
    "lga": "Ojo",
    "lga_code": "OJO",
    "state_code": "NG-LA"
  },
  {
    "name": "Ajah",
    "type": "city",
    "lga": "Eti-Osa",
    "lga_code": "ETO",
    "state_code": "NG-LA"
  },
  {
    "name": "Festac",
    "type": "city",
    "lga": "Amuwo-Odofin",
    "lga_code": "AMO",
    "state_code": "NG-LA"
  },
  {
    "name": "Apapa",
    "type": "city",
    "lga": "Apapa",
    "lga_code": "APA",
    "state_code": "NG-LA"
  },
  {
    "name": "Yaba",
    "type": "city",
    "lga": "Lagos Mainland",
    "lga_code": "LGM",
    "state_code": "NG-LA"
  },
  {
    "name": "Maryland",
    "type": "city",
    "lga": "Kosofe",
    "lga_code": "KOS",
    "state_code": "NG-LA"
  },
  {
    "name": "Minna",
    "type": "city",
    "lga": "Minna",
    "lga_code": "MIN",
    "state_code": "NG-NI"
  },
  {
    "name": "Kontagora",
    "type": "city",
    "lga": "Kontagora",
    "lga_code": "KNT",
    "state_code": "NG-NI"
  },
  {
    "name": "Bida",
    "type": "city",
    "lga": "Bida",
    "lga_code": "BID",
    "state_code": "NG-NI"
  },
  {
    "name": "Suleja",
    "type": "city",
    "lga": "Suleja",
    "lga_code": "SUL",
    "state_code": "NG-NI"
  },
  {
    "name": "Lapai",
    "type": "town",
    "lga": "Lapai",
    "lga_code": "LAP",
    "state_code": "NG-NI"
  },
  {
    "name": "Agwara",
    "type": "town",
    "lga": "Agwara",
    "lga_code": "AGW",
    "state_code": "NG-NI"
  },
  {
    "name": "Abeokuta",
    "type": "city",
    "lga": "Abeokuta South",
    "lga_code": "ABS",
    "state_code": "NG-OG"
  },
  {
    "name": "Ijebu Ode",
    "type": "city",
    "lga": "Ijebu Ode",
    "lga_code": "IJO",
    "state_code": "NG-OG"
  },
  {
    "name": "Sagamu",
    "type": "city",
    "lga": "Sagamu",
    "lga_code": "SAG",
    "state_code": "NG-OG"
  },
  {
    "name": "Ota",
    "type": "city",
    "lga": "Abeokuta North",
    "lga_code": "ABN",
    "state_code": "NG-OG"
  },
  {
    "name": "Ibadan",
    "type": "city",
    "lga": "Ibadan North",
    "lga_code": "IBN",
    "state_code": "NG-OY"
  },
  {
    "name": "Bodija",
    "type": "city",
    "lga": "Ibadan North",
    "lga_code": "IBN",
    "state_code": "NG-OY"
  },
  {
    "name": "Dugbe",
    "type": "city",
    "lga": "Ibadan South-West",
    "lga_code": "IBSW",
    "state_code": "NG-OY"
  },
  {
    "name": "Ogbomosho",
    "type": "city",
    "lga": "Ogbomosho North",
    "lga_code": "OGN",
    "state_code": "NG-OY"
  },
  {
    "name": "Oyo",
    "type": "city",
    "lga": "Oyo West",
    "lga_code": "OYW",
    "state_code": "NG-OY"
  },
  {
    "name": "Iseyin",
    "type": "town",
    "lga": "Afijio",
    "lga_code": "AFJ",
    "state_code": "NG-OY"
  },
  {
    "name": "Saki",
    "type": "town",
    "lga": "Akinyele",
    "lga_code": "AKN",
    "state_code": "NG-OY"
  },
  {
    "name": "Abuja",
    "type": "city",
    "lga": "Municipal Area Council",
    "lga_code": "MAC",
    "state_code": "NG-FC"
  },
  {
    "name": "Gwagwalada",
    "type": "city",
    "lga": "Gwagwalada",
    "lga_code": "GWA",
    "state_code": "NG-FC"
  },
  {
    "name": "Kuje",
    "type": "town",
    "lga": "Kuje",
    "lga_code": "KUJ",
    "state_code": "NG-FC"
  },
  {
    "name": "Bwari",
    "type": "town",
    "lga": "Bwari",
    "lga_code": "BWA",
    "state_code": "NG-FC"
  },
  {
    "name": "Kubwa",
    "type": "city",
    "lga": "Bwari",
    "lga_code": "BWA",
    "state_code": "NG-FC"
  },
  {
    "name": "Maitama",
    "type": "city",
    "lga": "Municipal Area Council",
    "lga_code": "MAC",
    "state_code": "NG-FC"
  },
  {
    "name": "Wuse",
    "type": "city",
    "lga": "Municipal Area Council",
    "lga_code": "MAC",
    "state_code": "NG-FC"
  },
  {
    "name": "Garki",
    "type": "city",
    "lga": "Municipal Area Council",
    "lga_code": "MAC",
    "state_code": "NG-FC"
  },
  {
    "name": "Asokoro",
    "type": "city",
    "lga": "Municipal Area Council",
    "lga_code": "MAC",
    "state_code": "NG-FC"
  },
  {
    "name": "Port Harcourt",
    "type": "city",
    "lga": "Port Harcourt",
    "lga_code": "PHC",
    "state_code": "NG-RI"
  },
  {
    "name": "Rumuokoro",
    "type": "city",
    "lga": "Obio-Akpor",
    "lga_code": "OAK",
    "state_code": "NG-RI"
  },
  {
    "name": "Eleme",
    "type": "town",
    "lga": "Eleme",
    "lga_code": "ELE",
    "state_code": "NG-RI"
  },
  {
    "name": "Kaduna",
    "type": "city",
    "lga": "Kaduna North",
    "lga_code": "KDN",
    "state_code": "NG-KD"
  },
  {
    "name": "Zaria",
    "type": "city",
    "lga": "Zaria",
    "lga_code": "ZAR",
    "state_code": "NG-KD"
  },
  {
    "name": "Kafanchan",
    "type": "town",
    "lga": "Kaduna South",
    "lga_code": "KDS",
    "state_code": "NG-KD"
  },
  {
    "name": "Kano",
    "type": "city",
    "lga": "Kano Municipal",
    "lga_code": "KNM",
    "state_code": "NG-KN"
  },
  {
    "name": "Sabon Gari",
    "type": "city",
    "lga": "Fagge",
    "lga_code": "FAG",
    "state_code": "NG-KN"
  },
  {
    "name": "Nassarawa",
    "type": "town",
    "lga": "Nassarawa",
    "lga_code": "NAS",
    "state_code": "NG-KN"
  },
  {
    "name": "Mokwa",
    "type": "town",
    "lga": "Lapai",
    "lga_code": "LAP",
    "state_code": "NG-NI"
  },
  {
    "name": "New Bussa",
    "type": "village",
    "lga": "Agwara",
    "lga_code": "AGW",
    "state_code": "NG-NI"
  },
  {
    "name": "Paiko",
    "type": "village",
    "lga": "Minna",
    "lga_code": "MIN",
    "state_code": "NG-NI"
  },
  {
    "name": "Zungeru",
    "type": "village",
    "lga": "Kontagora",
    "lga_code": "KNT",
    "state_code": "NG-NI"
  },
  {
    "name": "Isara",
    "type": "village",
    "lga": "Sagamu",
    "lga_code": "SAG",
    "state_code": "NG-OG"
  },
  {
    "name": "Ilaro",
    "type": "town",
    "lga": "Abeokuta North",
    "lga_code": "ABN",
    "state_code": "NG-OG"
  },
  {
    "name": "Eruwa",
    "type": "village",
    "lga": "Afijio",
    "lga_code": "AFJ",
    "state_code": "NG-OY"
  },
  {
    "name": "Igboho",
    "type": "village",
    "lga": "Oyo West",
    "lga_code": "OYW",
    "state_code": "NG-OY"
  },
  {
    "name": "Moniya",
    "type": "village",
    "lga": "Akinyele",
    "lga_code": "AKN",
    "state_code": "NG-OY"
  }
]
