[
  {
    "name": "Abia",
    "code": "NG-AB",
    "capital": "Umuahia"
  },
  {
    "name": "Adamawa",
    "code": "NG-AD",
    "capital": "Yola"
  },
  {
    "name": "Akwa Ibom",
    "code": "NG-AK",
    "capital": "Uyo"
  },
  {
    "name": "Anambra",
    "code": "NG-AN",
    "capital": "Awka"
  },
  {
    "name": "Bauchi",
    "code": "NG-BA",
    "capital": "Bauchi"
  },
  {
    "name": "Bayelsa",
    "code": "NG-BY",
    "capital": "Yenagoa"
  },
  {
    "name": "Benue",
    "code": "NG-BE",
    "capital": "Makurdi"
  },
  {
    "name": "Borno",
    "code": "NG-BO",
    "capital": "Maiduguri"
  },
  {
    "name": "Cross River",
    "code": "NG-CR",
    "capital": "Calabar"
  },
  {
    "name": "Delta",
    "code": "NG-DE",
    "capital": "Asaba"
  },
  {
    "name": "Ebonyi",
    "code": "NG-EB",
    "capital": "Abakaliki"
  },
  {
    "name": "Edo",
    "code": "NG-ED",
    "capital": "Benin City"
  },
  {
    "name": "Ekiti",
    "code": "NG-EK",
    "capital": "Ado-Ekiti"
  },
  {
    "name": "Enugu",
    "code": "NG-EN",
    "capital": "Enugu"
  },
  {
    "name": "FCT",
    "code": "NG-FC",
    "capital": "Abuja"
  },
  {
    "name": "Gombe",
    "code": "NG-GO",
    "capital": "Gombe"
  },
  {
    "name": "Imo",
    "code": "NG-IM",
    "capital": "Owerri"
  },
  {
    "name": "Jigawa",
    "code": "NG-JI",
    "capital": "Dutse"
  },
  {
    "name": "Kaduna",
    "code": "NG-KD",
    "capital": "Kaduna"
  },
  {
    "name": "Kano",
    "code": "NG-KN",
    "capital": "Kano"
  },
  {
    "name": "Katsina",
    "code": "NG-KT",
    "capital": "Katsina"
  },
  {
    "name": "Kebbi",
    "code": "NG-KE",
    "capital": "Birnin Kebbi"
  },
  {
    "name": "Kogi",
    "code": "NG-KO",
    "capital": "Lokoja"
  },
  {
    "name": "Kwara",
    "code": "NG-KW",
    "capital": "Ilorin"
  },
  {
    "name": "Lagos",
    "code": "NG-LA",
    "capital": "Ikeja"
  },
  {
    "name": "Nasarawa",
    "code": "NG-NA",
    "capital": "Lafia"
  },
  {
    "name": "Niger",
    "code": "NG-NI",
    "capital": "Minna"
  },
  {
    "name": "Ogun",
    "code": "NG-OG",
    "capital": "Abeokuta"
  },
  {
    "name": "Ondo",
    "code": "NG-ON",
    "capital": "Akure"
  },
  {
    "name": "Osun",
    "code": "NG-OS",
    "capital": "Osogbo"
  },
  {
    "name": "Oyo",
    "code": "NG-OY",
    "capital": "Ibadan"
  },
  {
    "name": "Plateau",
    "code": "NG-PL",
    "capital": "Jos"
  },
  {
    "name": "Rivers",
    "code": "NG-RI",
    "capital": "Port Harcourt"
  },
  {
    "name": "Sokoto",
    "code": "NG-SO",
    "capital": "Sokoto"
  },
  {
    "name": "Taraba",
    "code": "NG-TA",
    "capital": "Jalingo"
  },
  {
    "name": "Yobe",
    "code": "NG-YO",
    "capital": "Damaturu"
  },
  {
    "name": "Zamfara",
    "code": "NG-ZA",
    "capital": "Gusau"
  }
]
