[
  {
    "name": "Aba North",
    "code": "ABN",
    "state_code": "NG-AB"
  },
  {
    "name": "Aba South",
    "code": "ABS",
    "state_code": "NG-AB"
  },
  {
    "name": "Arochukwu",
    "code": "ARC",
    "state_code": "NG-AB"
  },
  {
    "name": "Bende",
    "code": "BND",
    "state_code": "NG-AB"
  },
  {
    "name": "Ikwuano",
    "code": "IKW",
    "state_code": "NG-AB"
  },
  {
    "name": "Isiala Ngwa North",
    "code": "ISN",
    "state_code": "NG-AB"
  },
  {
    "name": "Isiala Ngwa South",
    "code": "ISS",
    "state_code": "NG-AB"
  },
  {
    "name": "Umuahia North",
    "code": "UMN",
    "state_code": "NG-AB"
  },
  {
    "name": "Umuahia South",
    "code": "UMS",
    "state_code": "NG-AB"
  },
  {
    "name": "Demsa",
    "code": "DEM",
    "state_code": "NG-AD"
  },
  {
    "name": "Fufore",
    "code": "FUF",
    "state_code": "NG-AD"
  },
  {
    "name": "Girei",
    "code": "GIR",
    "state_code": "NG-AD"
  },
  {
    "name": "Yola North",
    "code": "YON",
    "state_code": "NG-AD"
  },
  {
    "name": "Yola South",
    "code": "YOS",
    "state_code": "NG-AD"
  },
  {
    "name": "Abak",
    "code": "ABK",
    "state_code": "NG-AK"
  },
  {
    "name": "Eket",
    "code": "EKT",
    "state_code": "NG-AK"
  },
  {
    "name": "Ikot Ekpene",
    "code": "IKE",
    "state_code": "NG-AK"
  },
  {
    "name": "Uyo",
    "code": "UYO",
    "state_code": "NG-AK"
  },
  {
    "name": "Agege",
    "code": "AGG",
    "state_code": "NG-LA"
  },
  {
    "name": "Ajeromi-Ifelodun",
    "code": "AJI",
    "state_code": "NG-LA"
  },
  {
    "name": "Alimosho",
    "code": "ALM",
    "state_code": "NG-LA"
  },
  {
    "name": "Amuwo-Odofin",
    "code": "AMO",
    "state_code": "NG-LA"
  },
  {
    "name": "Apapa",
    "code": "APA",
    "state_code": "NG-LA"
  },
  {
    "name": "Badagry",
    "code": "BAD",
    "state_code": "NG-LA"
  },
  {
    "name": "Epe",
    "code": "EPE",
    "state_code": "NG-LA"
  },
  {
    "name": "Eti-Osa",
    "code": "ETO",
    "state_code": "NG-LA"
  },
  {
    "name": "Ibeju-Lekki",
    "code": "IBL",
    "state_code": "NG-LA"
  },
  {
    "name": "Ifako-Ijaiye",
    "code": "IFI",
    "state_code": "NG-LA"
  },
  {
    "name": "Ikeja",
    "code": "IKJ",
    "state_code": "NG-LA"
  },
  {
    "name": "Ikorodu",
    "code": "IKO",
    "state_code": "NG-LA"
  },
  {
    "name": "Kosofe",
    "code": "KOS",
    "state_code": "NG-LA"
  },
  {
    "name": "Lagos Island",
    "code": "LGI",
    "state_code": "NG-LA"
  },
  {
    "name": "Lagos Mainland",
    "code": "LGM",
    "state_code": "NG-LA"
  },
  {
    "name": "Mushin",
    "code": "MUS",
    "state_code": "NG-LA"
  },
  {
    "name": "Ojo",
    "code": "OJO",
    "state_code": "NG-LA"
  },
  {
    "name": "Oshodi-Isolo",
    "code": "OSI",
    "state_code": "NG-LA"
  },
  {
    "name": "Somolu",
    "code": "SOM",
    "state_code": "NG-LA"
  },
  {
    "name": "Surulere",
    "code": "SUR",
    "state_code": "NG-LA"
  },
  {
    "name": "Agwara",
    "code": "AGW",
    "state_code": "NG-NI"
  },
  {
    "name": "Bida",
    "code": "BID",
    "state_code": "NG-NI"
  },
  {
    "name": "Kontagora",
    "code": "KNT",
    "state_code": "NG-NI"
  },
  {
    "name": "Lapai",
    "code": "LAP",
    "state_code": "NG-NI"
  },
  {
    "name": "Minna",
    "code": "MIN",
    "state_code": "NG-NI"
  },
  {
    "name": "Suleja",
    "code": "SUL",
    "state_code": "NG-NI"
  },
  {
    "name": "Abeokuta North",
    "code": "ABN",
    "state_code": "NG-OG"
  },
  {
    "name": "Abeokuta South",
    "code": "ABS",
    "state_code": "NG-OG"
  },
  {
    "name": "Ijebu Ode",
    "code": "IJO",
    "state_code": "NG-OG"
  },
  {
    "name": "Sagamu",
    "code": "SAG",
    "state_code": "NG-OG"
  },
  {
    "name": "Afijio",
    "code": "AFJ",
    "state_code": "NG-OY"
  },
  {
    "name": "Akinyele",
    "code": "AKN",
    "state_code": "NG-OY"
  },
  {
    "name": "Ibadan North",
    "code": "IBN",
    "state_code": "NG-OY"
  },
  {
    "name": "Ibadan North-East",
    "code": "IBNE",
    "state_code": "NG-OY"
  },
  {
    "name": "Ibadan North-West",
    "code": "IBNW",
    "state_code": "NG-OY"
  },
  {
    "name": "Ibadan South-East",
    "code": "IBSE",
    "state_code": "NG-OY"
  },
  {
    "name": "Ibadan South-West",
    "code": "IBSW",
    "state_code": "NG-OY"
  },
  {
    "name": "Ogbomosho North",
    "code": "OGN",
    "state_code": "NG-OY"
  },
  {
    "name": "Ogbomosho South",
    "code": "OGS",
    "state_code": "NG-OY"
  },
  {
    "name": "Oyo East",
    "code": "OYE",
    "state_code": "NG-OY"
  },
  {
    "name": "Oyo West",
    "code": "OYW",
    "state_code": "NG-OY"
  },
  {
    "name": "Municipal Area Council",
    "code": "MAC",
    "state_code": "NG-FC"
  },
  {
    "name": "Gwagwalada",
    "code": "GWA",
    "state_code": "NG-FC"
  },
  {
    "name": "Kuje",
    "code": "KUJ",
    "state_code": "NG-FC"
  },
  {
    "name": "Bwari",
    "code": "BWA",
    "state_code": "NG-FC"
  },
  {
    "name": "Abaji",
    "code": "ABJ",
    "state_code": "NG-FC"
  },
  {
    "name": "Obio-Akpor",
    "code": "OAK",
    "state_code": "NG-RI"
  },
  {
    "name": "Port Harcourt",
    "code": "PHC",
    "state_code": "NG-RI"
  },
  {
    "name": "Eleme",
    "code": "ELE",
    "state_code": "NG-RI"
  },
  {
    "name": "Kaduna North",
    "code": "KDN",
    "state_code": "NG-KD"
  },
  {
    "name": "Kaduna South",
    "code": "KDS",
    "state_code": "NG-KD"
  },
  {
    "name": "Zaria",
    "code": "ZAR",
    "state_code": "NG-KD"
  },
  {
    "name": "Fagge",
    "code": "FAG",
    "state_code": "NG-KN"
  },
  {
    "name": "Kano Municipal",
    "code": "KNM",
    "state_code": "NG-KN"
  },
  {
    "name": "Nassarawa",
    "code": "NAS",
    "state_code": "NG-KN"
  }
]
